#No,nProcs,solver,executionTimePerTimeStepAve[s],clockTimePerTimeStepAve[s],executionTimePerTimeStepAve/No1,clockTimePerTimeStepAve/No1
1,480,PCG-DIC,0.2016,0.20400000000000001,1.0,1.0
2,400,PCG-DIC,0.20500000000000002,0.20800000000000002,1.0168650793650795,1.0196078431372548
3,320,PCG-DIC,0.22820000000000001,0.22800000000000004,1.1319444444444444,1.1176470588235294
4,240,PCG-DIC,0.29192000000000001,0.29600000000000004,1.448015873015873,1.4509803921568629
5,160,PCG-DIC,0.38296000000000002,0.38800000000000001,1.8996031746031747,1.9019607843137254
6,80,PCG-DIC,0.84976000000000007,0.85199999999999998,4.2150793650793652,4.1764705882352935
7,40,PCG-DIC,2.16168,2.1680000000000001,10.722619047619048,10.627450980392156
8,20,PCG-DIC,4.6486399999999994,4.6639999999999997,23.058730158730157,22.862745098039213
